DateTime,Open,High,Low,Close
2024-05-29 12:31:00.000,38613.3,38619.8,38613.3,38619.8
2024-05-29 12:32:00.000,38618.8,38618.8,38607.8,38609.8
2024-05-29 12:33:00.000,38609.3,38615.3,38607.3,38614.3
2024-05-29 12:34:00.000,38613.8,38616.8,38613.8,38615.8
2024-05-29 12:35:00.000,38615.3,38618.3,38614.8,38616.8
2024-05-29 12:36:00.000,38617.3,38621.3,38615.3,38619.8
2024-05-29 12:37:00.000,38620.3,38623.8,38619.8,38621.8
2024-05-29 12:38:00.000,38622.3,38624.8,38620.8,38622.8
2024-05-29 12:39:00.000,38621.8,38624.8,38620.8,38624.8
2024-05-29 12:40:00.000,38624.3,38624.3,38618.8,38621.8
2024-05-29 12:41:00.000,38621.3,38622.8,38619.8,38621.8
2024-05-29 12:42:00.000,38622.3,38623.3,38621.8,38622.8
2024-05-29 12:43:00.000,38622.3,38628.8,38622.3,38628.3
2024-05-29 12:44:00.000,38627.8,38631.8,38625.3,38626.8
2024-05-29 12:45:00.000,38626.3,38628.3,38622.8,38626.8
2024-05-29 12:46:00.000,38626.3,38630.8,38626.3,38629.8
2024-05-29 12:47:00.000,38629.3,38632.8,38628.8,38628.8
2024-05-29 12:48:00.000,38628.3,38631.8,38627.8,38630.8
2024-05-29 12:49:00.000,38629.8,38632.8,38628.3,38631.3
2024-05-29 12:50:00.000,38630.8,38630.8,38627.3,38629.8
2024-05-29 12:51:00.000,38628.8,38637.3,38628.8,38635.3
2024-05-29 12:52:00.000,38635.8,38641.8,38635.3,38639.8
2024-05-29 12:53:00.000,38639.3,38644.3,38635.8,38636.3
2024-05-29 12:54:00.000,38636.8,38636.8,38631.8,38634.8
2024-05-29 12:55:00.000,38634.3,38635.8,38630.3,38633.3
2024-05-29 12:56:00.000,38632.8,38632.8,38626.3,38626.3
2024-05-29 12:57:00.000,38625.8,38627.3,38620.3,38625.8
2024-05-29 12:58:00.000,38626.3,38628.8,38625.8,38627.8
2024-05-29 12:59:00.000,38628.3,38629.8,38626.8,38627.8
2024-05-29 13:00:00.000,38628.8,38632.3,38624.8,38632.3
2024-05-29 13:01:00.000,38632.8,38637.8,38631.3,38636.8
2024-05-29 13:02:00.000,38637.3,38639.8,38624.3,38625.8
2024-05-29 13:03:00.000,38626.3,38635.8,38620.3,38620.8
2024-05-29 13:04:00.000,38620.3,38626.3,38615.3,38624.8
2024-05-29 13:05:00.000,38624.3,38624.8,38609.8,38618.8
2024-05-29 13:06:00.000,38619.3,38633.8,38618.8,38631.8
2024-05-29 13:07:00.000,38631.3,38643.3,38630.8,38633.8
2024-05-29 13:08:00.000,38633.3,38639.8,38632.8,38639.8
2024-05-29 13:09:00.000,38639.3,38644.8,38637.8,38639.8
2024-05-29 13:10:00.000,38640.3,38641.8,38633.8,38637.8
2024-05-29 13:11:00.000,38637.3,38641.8,38636.8,38640.8
2024-05-29 13:12:00.000,38640.3,38640.8,38634.3,38635.8
2024-05-29 13:13:00.000,38636.3,38640.8,38634.3,38636.8
2024-05-29 13:14:00.000,38636.3,38640.8,38634.8,38640.8
2024-05-29 13:15:00.000,38641.3,38648.3,38639.8,38642.8
2024-05-29 13:16:00.000,38645.8,38647.3,38639.3,38639.8
2024-05-29 13:17:00.000,38639.3,38648.8,38638.8,38647.3
2024-05-29 13:18:00.000,38647.8,38649.3,38642.8,38646.8
2024-05-29 13:19:00.000,38646.3,38654.3,38646.3,38652.8
2024-05-29 13:20:00.000,38652.3,38652.3,38646.8,38649.8
2024-05-29 13:21:00.000,38649.3,38651.3,38639.8,38641.8
2024-05-29 13:22:00.000,38642.3,38647.3,38641.8,38646.8
2024-05-29 13:23:00.000,38647.3,38650.3,38638.3,38639.8
2024-05-29 13:24:00.000,38640.3,38645.8,38637.3,38638.8
2024-05-29 13:25:00.000,38638.3,38639.3,38630.8,38635.8
2024-05-29 13:26:00.000,38635.3,38635.3,38626.8,38629.8
2024-05-29 13:27:00.000,38629.3,38629.8,38621.8,38623.8
2024-05-29 13:28:00.000,38624.3,38624.3,38618.3,38620.8
2024-05-29 13:29:00.000,38621.3,38622.8,38618.8,38622.3
2024-05-29 13:30:00.000,38622.8,38624.8,38616.8,38616.8
2024-05-29 13:31:00.000,38616.3,38622.8,38610.3,38610.8
2024-05-29 13:32:00.000,38610.3,38619.8,38607.8,38618.8
2024-05-29 13:33:00.000,38619.3,38623.8,38617.8,38620.8
2024-05-29 13:34:00.000,38620.3,38621.3,38611.8,38616.8
2024-05-29 13:35:00.000,38616.3,38616.3,38607.8,38608.8
2024-05-29 13:36:00.000,38609.3,38611.8,38594.3,38596.8
2024-05-29 13:37:00.000,38596.3,38601.3,38593.8,38600.8
2024-05-29 13:38:00.000,38600.3,38604.8,38597.3,38602.8
2024-05-29 13:39:00.000,38601.8,38602.8,38598.8,38601.8
2024-05-29 13:40:00.000,38601.3,38610.3,38598.3,38607.8
2024-05-29 13:41:00.000,38608.3,38611.8,38604.8,38610.8
2024-05-29 13:42:00.000,38610.3,38612.8,38606.3,38611.8
2024-05-29 13:43:00.000,38611.3,38613.3,38608.3,38608.3
2024-05-29 13:44:00.000,38608.8,38611.3,38603.8,38610.8
2024-05-29 13:45:00.000,38611.3,38617.3,38609.8,38616.8
2024-05-29 13:46:00.000,38617.3,38617.3,38606.8,38606.8
2024-05-29 13:47:00.000,38607.3,38610.8,38605.8,38605.8
2024-05-29 13:48:00.000,38605.3,38606.8,38599.8,38601.8
2024-05-29 13:49:00.000,38602.3,38604.3,38599.3,38599.8
2024-05-29 13:50:00.000,38600.3,38601.8,38597.3,38599.3
2024-05-29 13:51:00.000,38599.8,38605.8,38598.8,38601.8
2024-05-29 13:52:00.000,38602.3,38604.3,38597.8,38603.8
2024-05-29 13:53:00.000,38604.3,38610.3,38603.8,38606.3
2024-05-29 13:54:00.000,38606.8,38606.8,38599.8,38600.8
2024-05-29 13:55:00.000,38600.3,38602.3,38596.8,38601.8
2024-05-29 13:56:00.000,38600.8,38604.8,38598.8,38602.8
2024-05-29 13:57:00.000,38603.3,38603.8,38599.3,38600.8
2024-05-29 13:58:00.000,38601.3,38602.3,38599.3,38600.8
2024-05-29 13:59:00.000,38600.3,38600.3,38594.8,38596.8
2024-05-29 14:00:00.000,38597.3,38599.3,38593.8,38593.8
2024-05-29 14:01:00.000,38593.3,38596.8,38589.8,38595.8
2024-05-29 14:02:00.000,38595.3,38596.8,38586.3,38590.8
2024-05-29 14:03:00.000,38590.3,38591.8,38585.8,38587.3
2024-05-29 14:04:00.000,38587.8,38591.8,38586.8,38591.8
2024-05-29 14:05:00.000,38591.3,38597.8,38591.3,38595.3
2024-05-29 14:06:00.000,38595.8,38600.8,38595.3,38600.8
2024-05-29 14:07:00.000,38600.3,38601.3,38592.8,38594.8
2024-05-29 14:08:00.000,38595.3,38595.3,38587.3,38594.8
2024-05-29 14:09:00.000,38594.3,38595.8,38584.8,38585.8
2024-05-29 14:10:00.000,38585.3,38590.3,38584.8,38588.8
2024-05-29 14:11:00.000,38588.3,38595.3,38586.8,38594.3
2024-05-29 14:12:00.000,38594.8,38601.3,38591.8,38600.8
2024-05-29 14:13:00.000,38601.3,38606.3,38600.8,38605.3
2024-05-29 14:14:00.000,38604.8,38607.3,38602.8,38603.8
2024-05-29 14:15:00.000,38603.3,38606.8,38598.8,38598.8
2024-05-29 14:16:00.000,38599.3,38600.8,38590.8,38594.8
2024-05-29 14:17:00.000,38594.3,38594.8,38584.3,38590.8
2024-05-29 14:18:00.000,38590.3,38591.8,38583.3,38583.3
2024-05-29 14:19:00.000,38584.8,38586.8,38582.8,38584.8
2024-05-29 14:20:00.000,38584.3,38589.8,38582.3,38586.8
2024-05-29 14:21:00.000,38587.3,38592.3,38586.3,38587.8
2024-05-29 14:22:00.000,38588.3,38591.8,38586.8,38588.8
2024-05-29 14:23:00.000,38588.3,38590.8,38586.8,38589.8
2024-05-29 14:24:00.000,38590.3,38591.8,38569.3,38569.8
2024-05-29 14:25:00.000,38572.8,38572.8,38559.3,38566.8
2024-05-29 14:26:00.000,38566.3,38572.3,38564.8,38568.8
2024-05-29 14:27:00.000,38569.3,38569.3,38560.3,38564.8
2024-05-29 14:28:00.000,38565.3,38566.8,38558.8,38560.8
2024-05-29 14:29:00.000,38561.3,38562.3,38528.8,38532.3
2024-05-29 14:30:00.000,38532.3,38557.8,38497.3,38511.8
2024-05-29 14:31:00.000,38512.3,38517.8,38481.3,38492.3
2024-05-29 14:32:00.000,38491.8,38498.3,38457.3,38475.3
2024-05-29 14:33:00.000,38474.8,38476.8,38438.8,38447.8
2024-05-29 14:34:00.000,38447.3,38455.3,38422.8,38430.8
2024-05-29 14:35:00.000,38431.8,38440.3,38414.3,38439.8
2024-05-29 14:36:00.000,38439.3,38462.8,38438.8,38455.8
2024-05-29 14:37:00.000,38456.8,38467.3,38447.8,38448.8
2024-05-29 14:38:00.000,38448.3,38468.8,38444.3,38462.8
2024-05-29 14:39:00.000,38463.3,38499.3,38453.3,38497.8
2024-05-29 14:40:00.000,38498.3,38499.3,38453.3,38457.3
2024-05-29 14:41:00.000,38457.8,38477.8,38452.8,38470.8
2024-05-29 14:42:00.000,38470.3,38489.8,38459.3,38488.8
2024-05-29 14:43:00.000,38489.3,38517.8,38488.3,38510.3
2024-05-29 14:44:00.000,38511.3,38512.3,38488.3,38491.3
2024-05-29 14:45:00.000,38485.3,38499.8,38473.8,38490.3
2024-05-29 14:46:00.000,38490.8,38500.8,38480.4,38485.6
2024-05-29 14:47:00.000,38484.1,38484.6,38466.3,38469.8
2024-05-29 14:48:00.000,38469.3,38483.3,38466.3,38482.3
2024-05-29 14:49:00.000,38483.3,38489.3,38476.3,38479.8
2024-05-29 14:50:00.000,38480.5,38496.0,38476.0,38479.0
2024-05-29 14:51:00.000,38478.5,38488.0,38478.5,38488.0
2024-05-29 14:52:00.000,38487.5,38493.5,38474.0,38481.5
2024-05-29 14:53:00.000,38482.0,38487.0,38474.0,38484.0
2024-05-29 14:54:00.000,38484.5,38492.0,38478.0,38487.5
2024-05-29 14:55:00.000,38486.5,38505.5,38485.5,38500.5
2024-05-29 14:56:00.000,38501.0,38520.5,38499.5,38520.0
2024-05-29 14:57:00.000,38519.5,38525.5,38517.5,38525.5
2024-05-29 14:58:00.000,38526.5,38528.0,38511.0,38513.0
2024-05-29 14:59:00.000,38512.5,38517.5,38503.5,38514.0
2024-05-29 15:00:00.000,38514.5,38534.5,38505.0,38534.0
2024-05-29 15:01:00.000,38533.5,38556.0,38526.0,38541.0
2024-05-29 15:02:00.000,38540.5,38545.5,38530.0,38541.0
2024-05-29 15:03:00.000,38540.5,38541.0,38520.0,38520.0
2024-05-29 15:04:00.000,38519.0,38542.5,38515.0,38539.0
2024-05-29 15:05:00.000,38540.0,38549.5,38529.0,38549.0
2024-05-29 15:06:00.000,38548.0,38564.0,38547.5,38562.0
2024-05-29 15:07:00.000,38561.5,38572.5,38553.5,38558.5
2024-05-29 15:08:00.000,38559.0,38559.0,38545.5,38552.0
2024-05-29 15:09:00.000,38552.5,38558.0,38540.5,38556.5
2024-05-29 15:10:00.000,38554.0,38566.0,38554.0,38564.0
2024-05-29 15:11:00.000,38564.5,38568.0,38554.5,38556.0
2024-05-29 15:12:00.000,38555.5,38555.5,38517.5,38521.0
2024-05-29 15:13:00.000,38520.0,38523.0,38508.5,38511.5
2024-05-29 15:14:00.000,38509.5,38524.0,38509.0,38523.5
2024-05-29 15:15:00.000,38522.5,38529.0,38519.5,38523.0
2024-05-29 15:16:00.000,38522.5,38530.5,38519.0,38523.0
2024-05-29 15:17:00.000,38523.5,38526.0,38510.0,38510.5
2024-05-29 15:18:00.000,38512.0,38525.0,38510.5,38516.0
2024-05-29 15:19:00.000,38515.5,38531.0,38515.5,38527.0
2024-05-29 15:20:00.000,38527.7,38549.7,38527.2,38546.7
2024-05-29 15:21:00.000,38547.2,38548.7,38512.2,38523.7
2024-05-29 15:22:00.000,38523.2,38523.2,38505.7,38507.7
2024-05-29 15:23:00.000,38507.2,38511.7,38496.2,38501.7
2024-05-29 15:24:00.000,38501.2,38538.2,38501.2,38532.7
2024-05-29 15:25:00.000,38532.2,38550.7,38523.7,38539.7
2024-05-29 15:26:00.000,38539.2,38548.7,38536.7,38546.7
2024-05-29 15:27:00.000,38547.2,38547.2,38531.2,38534.7
2024-05-29 15:28:00.000,38534.2,38544.2,38530.7,38540.7
2024-05-29 15:29:00.000,38541.2,38544.7,38535.2,38539.2
2024-05-29 15:30:00.000,38541.2,38552.7,38538.7,38539.7
2024-05-29 15:31:00.000,38539.2,38548.7,38530.7,38536.7
2024-05-29 15:32:00.000,38537.2,38540.7,38518.2,38523.2
2024-05-29 15:33:00.000,38523.7,38527.2,38510.7,38510.7
2024-05-29 15:34:00.000,38511.2,38514.2,38500.7,38511.2
2024-05-29 15:35:00.000,38512.2,38536.2,38512.2,38531.7
2024-05-29 15:36:00.000,38531.2,38545.7,38529.7,38538.7
2024-05-29 15:37:00.000,38539.2,38543.7,38527.2,38539.7
2024-05-29 15:38:00.000,38540.2,38552.7,38539.2,38549.7
2024-05-29 15:39:00.000,38550.2,38558.7,38549.7,38556.2
2024-05-29 15:40:00.000,38555.7,38560.7,38550.7,38557.7
2024-05-29 15:41:00.000,38558.2,38559.7,38549.7,38553.7
2024-05-29 15:42:00.000,38554.2,38556.7,38539.2,38540.2
2024-05-29 15:43:00.000,38540.7,38542.7,38536.2,38537.7
2024-05-29 15:44:00.000,38537.2,38539.7,38524.2,38528.7
2024-05-29 15:45:00.000,38529.2,38532.2,38524.7,38526.7
2024-05-29 15:46:00.000,38526.2,38543.2,38522.2,38537.7
2024-05-29 15:47:00.000,38537.2,38537.2,38518.7,38525.7
2024-05-29 15:48:00.000,38526.2,38534.7,38522.7,38533.7
2024-05-29 15:49:00.000,38533.2,38549.7,38532.7,38542.2
2024-05-29 15:50:00.000,38541.7,38552.7,38523.7,38524.7
2024-05-29 15:51:00.000,38524.2,38524.2,38510.2,38521.2
2024-05-29 15:52:00.000,38519.7,38526.7,38507.7,38507.7
2024-05-29 15:53:00.000,38508.2,38512.2,38498.2,38499.2
2024-05-29 15:54:00.000,38499.7,38501.2,38484.7,38488.2
2024-05-29 15:55:00.000,38489.2,38501.2,38487.2,38500.7
2024-05-29 15:56:00.000,38501.2,38508.7,38494.2,38494.7
2024-05-29 15:57:00.000,38494.2,38497.7,38484.2,38487.2
2024-05-29 15:58:00.000,38486.2,38498.2,38479.7,38497.7
2024-05-29 15:59:00.000,38498.7,38504.2,38495.7,38503.2
2024-05-29 16:00:00.000,38502.7,38503.7,38483.7,38484.2
2024-05-29 16:01:00.000,38484.7,38498.7,38482.7,38497.7
2024-05-29 16:02:00.000,38497.2,38503.7,38492.2,38503.7
2024-05-29 16:03:00.000,38503.2,38519.2,38501.2,38507.7
2024-05-29 16:04:00.000,38507.2,38521.7,38504.7,38518.7
2024-05-29 16:05:00.000,38518.2,38525.7,38516.7,38520.7
2024-05-29 16:06:00.000,38521.2,38521.7,38506.7,38512.7
2024-05-29 16:07:00.000,38512.2,38519.7,38501.2,38514.7
2024-05-29 16:08:00.000,38514.2,38520.7,38511.2,38514.7
2024-05-29 16:09:00.000,38514.2,38515.2,38504.2,38505.7
2024-05-29 16:10:00.000,38505.2,38505.7,38486.2,38493.7
2024-05-29 16:11:00.000,38492.7,38501.7,38490.7,38494.7
2024-05-29 16:12:00.000,38495.2,38496.2,38485.7,38491.7
2024-05-29 16:13:00.000,38491.2,38491.7,38480.2,38483.7
2024-05-29 16:14:00.000,38483.2,38485.7,38476.2,38477.2
2024-05-29 16:15:00.000,38478.7,38494.7,38477.7,38489.7
2024-05-29 16:16:00.000,38489.2,38494.2,38475.2,38482.2
2024-05-29 16:17:00.000,38482.7,38488.7,38478.2,38483.2
2024-05-29 16:18:00.000,38482.7,38485.2,38471.2,38474.7
2024-05-29 16:19:00.000,38477.2,38487.2,38474.7,38483.7
2024-05-29 16:20:00.000,38483.2,38499.2,38482.7,38490.7
2024-05-29 16:21:00.000,38490.2,38498.2,38489.2,38497.7
2024-05-29 16:22:00.000,38497.2,38514.7,38496.2,38510.7
2024-05-29 16:23:00.000,38510.2,38510.7,38499.7,38506.2
2024-05-29 16:24:00.000,38506.7,38511.7,38504.2,38510.7
2024-05-29 16:25:00.000,38510.2,38510.2,38501.7,38506.7
2024-05-29 16:26:00.000,38507.2,38519.7,38507.2,38514.7
2024-05-29 16:27:00.000,38515.7,38516.2,38508.7,38508.7
2024-05-29 16:28:00.000,38508.2,38509.7,38503.2,38503.7
2024-05-29 16:29:00.000,38504.2,38508.2,38496.2,38501.2
2024-05-29 16:30:00.000,38499.7,38507.2,38494.7,38505.7
2024-05-29 16:31:00.000,38506.2,38508.7,38497.7,38507.2
2024-05-29 16:32:00.000,38507.7,38510.7,38497.2,38499.7
2024-05-29 16:33:00.000,38500.2,38516.2,38491.7,38515.7
2024-05-29 16:34:00.000,38516.2,38517.2,38500.7,38506.7
2024-05-29 16:35:00.000,38507.2,38515.7,38504.2,38513.7
2024-05-29 16:36:00.000,38513.2,38525.7,38512.7,38525.7
2024-05-29 16:37:00.000,38526.2,38532.2,38524.7,38531.7
2024-05-29 16:38:00.000,38531.2,38532.2,38520.2,38526.7
2024-05-29 16:39:00.000,38526.2,38528.2,38520.2,38524.7
2024-05-29 16:40:00.000,38520.0,38521.5,38515.5,38516.5
2024-05-29 16:41:00.000,38516.0,38521.5,38511.0,38515.5
2024-05-29 16:42:00.000,38515.0,38515.5,38509.0,38510.5
2024-05-29 16:43:00.000,38514.0,38525.0,38512.5,38519.0
2024-05-29 16:44:00.000,38520.0,38525.0,38518.0,38521.5
2024-05-29 16:45:00.000,38521.0,38521.5,38502.0,38508.0
2024-05-29 16:46:00.000,38507.5,38511.5,38501.5,38506.5
2024-05-29 16:47:00.000,38507.0,38510.0,38501.0,38506.5
2024-05-29 16:48:00.000,38506.0,38510.5,38503.5,38509.5
2024-05-29 16:49:00.000,38509.0,38510.0,38492.0,38502.5
2024-05-29 16:50:00.000,38502.0,38511.5,38501.0,38505.0
2024-05-29 16:51:00.000,38505.5,38506.0,38497.5,38499.5
2024-05-29 16:52:00.000,38499.0,38500.0,38492.0,38494.0
2024-05-29 16:53:00.000,38494.0,38499.5,38493.5,38496.5
2024-05-29 16:54:00.000,38496.0,38503.5,38493.0,38503.5
2024-05-29 16:55:00.000,38502.0,38509.0,38501.0,38504.5
2024-05-29 16:56:00.000,38505.0,38510.0,38500.5,38502.5
2024-05-29 16:57:00.000,38502.0,38502.5,38491.5,38492.0
2024-05-29 16:58:00.000,38491.5,38497.5,38489.0,38495.5
2024-05-29 16:59:00.000,38496.0,38496.5,38490.5,38494.5
2024-05-29 17:00:00.000,38495.0,38495.0,38464.5,38465.5
2024-05-29 17:01:00.000,38465.0,38473.5,38463.5,38469.0
2024-05-29 17:02:00.000,38458.0,38461.5,38449.5,38454.5
2024-05-29 17:03:00.000,38454.0,38465.5,38452.0,38462.5
2024-05-29 17:04:00.000,38462.0,38463.5,38456.5,38460.5
2024-05-29 17:05:00.000,38460.0,38465.0,38459.5,38461.0
2024-05-29 17:06:00.000,38461.5,38466.0,38460.0,38462.5
2024-05-29 17:07:00.000,38462.0,38464.5,38456.5,38464.5
2024-05-29 17:08:00.000,38465.0,38468.0,38462.5,38466.0
2024-05-29 17:09:00.000,38465.5,38475.0,38465.5,38473.5
2024-05-29 17:10:00.000,38474.0,38478.5,38465.5,38477.5
2024-05-29 17:11:00.000,38477.0,38489.0,38474.5,38481.0
2024-05-29 17:12:00.000,38482.0,38483.5,38472.0,38475.0
2024-05-29 17:13:00.000,38474.5,38480.5,38472.0,38475.5
2024-05-29 17:14:00.000,38475.0,38477.5,38472.0,38475.5
2024-05-29 17:15:00.000,38475.0,38482.0,38471.5,38480.0
2024-05-29 17:16:00.000,38480.5,38488.0,38480.5,38484.5
2024-05-29 17:17:00.000,38484.0,38497.5,38484.0,38495.5
2024-05-29 17:18:00.000,38495.0,38501.0,38494.0,38499.5
2024-05-29 17:19:00.000,38499.0,38506.0,38497.0,38505.0
2024-05-29 17:20:00.000,38504.5,38514.5,38502.0,38514.5
2024-05-29 17:21:00.000,38514.0,38521.0,38513.0,38516.0
2024-05-29 17:22:00.000,38516.5,38525.0,38516.0,38520.5
2024-05-29 17:23:00.000,38521.0,38521.5,38513.0,38515.5
2024-05-29 17:24:00.000,38516.0,38522.5,38514.5,38516.5
2024-05-29 17:25:00.000,38517.0,38523.0,38515.5,38519.5
2024-05-29 17:26:00.000,38520.0,38528.0,38514.5,38526.5
2024-05-29 17:27:00.000,38527.0,38533.5,38525.5,38526.5
2024-05-29 17:28:00.000,38527.0,38530.0,38522.5,38523.5
2024-05-29 17:29:00.000,38524.0,38527.0,38517.5,38524.5
2024-05-29 17:30:00.000,38525.5,38529.5,38505.5,38508.5
2024-05-29 17:31:00.000,38508.0,38512.0,38505.0,38511.5
2024-05-29 17:32:00.000,38512.0,38515.5,38510.5,38512.5
2024-05-29 17:33:00.000,38513.0,38519.0,38512.0,38514.5
2024-05-29 17:34:00.000,38514.0,38514.0,38507.5,38509.0
2024-05-29 17:35:00.000,38508.5,38515.5,38506.5,38508.5
2024-05-29 17:36:00.000,38508.0,38515.0,38504.5,38513.0
2024-05-29 17:37:00.000,38511.5,38516.0,38511.0,38513.5
2024-05-29 17:38:00.000,38514.0,38515.0,38508.5,38515.0
2024-05-29 17:39:00.000,38515.5,38521.5,38513.0,38513.5
2024-05-29 17:40:00.000,38513.0,38514.5,38506.0,38507.5
2024-05-29 17:41:00.000,38508.0,38513.0,38506.0,38507.5
2024-05-29 17:42:00.000,38507.0,38511.5,38504.5,38505.5
2024-05-29 17:43:00.000,38506.0,38507.0,38494.0,38501.0
2024-05-29 17:44:00.000,38500.5,38501.5,38495.0,38499.0
2024-05-29 17:45:00.000,38498.0,38515.0,38497.0,38514.0
2024-05-29 17:46:00.000,38514.5,38517.5,38511.0,38517.0
2024-05-29 17:47:00.000,38516.5,38516.5,38510.5,38513.5
2024-05-29 17:48:00.000,38514.0,38519.0,38512.0,38516.0
2024-05-29 17:49:00.000,38515.5,38515.5,38504.0,38505.5
2024-05-29 17:50:00.000,38506.0,38513.5,38506.0,38508.5
2024-05-29 17:51:00.000,38508.0,38516.5,38507.5,38511.5
2024-05-29 17:52:00.000,38511.0,38526.0,38509.5,38519.0
2024-05-29 17:53:00.000,38519.5,38526.5,38516.5,38523.5
2024-05-29 17:54:00.000,38523.0,38525.0,38510.0,38511.0
2024-05-29 17:55:00.000,38512.0,38514.0,38508.5,38513.0
2024-05-29 17:56:00.000,38514.0,38518.0,38512.5,38514.0
2024-05-29 17:57:00.000,38513.5,38514.0,38503.5,38503.5
2024-05-29 17:58:00.000,38503.0,38511.0,38503.0,38509.5
2024-05-29 17:59:00.000,38510.0,38510.0,38500.5,38505.5
2024-05-29 18:00:00.000,38505.8,38511.8,38500.3,38502.8
2024-05-29 18:01:00.000,38502.3,38502.3,38467.8,38472.3
2024-05-29 18:02:00.000,38473.3,38479.3,38466.8,38475.8
2024-05-29 18:03:00.000,38475.3,38483.8,38464.3,38466.3
2024-05-29 18:04:00.000,38465.8,38475.3,38464.8,38473.3
2024-05-29 18:05:00.000,38472.8,38486.8,38470.8,38483.8
2024-05-29 18:06:00.000,38484.3,38490.3,38468.3,38469.8
2024-05-29 18:07:00.000,38470.3,38480.3,38464.8,38471.8
2024-05-29 18:08:00.000,38471.3,38483.3,38466.3,38483.3
2024-05-29 18:09:00.000,38482.8,38487.3,38479.3,38482.8
2024-05-29 18:10:00.000,38483.3,38494.3,38480.8,38492.8
2024-05-29 18:11:00.000,38493.3,38495.8,38488.8,38490.8
2024-05-29 18:12:00.000,38490.3,38490.3,38475.3,38477.8
2024-05-29 18:13:00.000,38478.3,38485.3,38472.3,38481.8
2024-05-29 18:14:00.000,38481.3,38489.3,38479.8,38479.8
2024-05-29 18:15:00.000,38479.3,38484.8,38472.8,38473.8
2024-05-29 18:16:00.000,38474.3,38481.3,38472.8,38474.8
2024-05-29 18:17:00.000,38474.3,38475.8,38463.8,38465.8
2024-05-29 18:18:00.000,38466.3,38468.3,38459.8,38465.8
2024-05-29 18:19:00.000,38466.3,38469.8,38463.3,38469.8
2024-05-29 18:20:00.000,38470.3,38477.3,38463.8,38477.3
2024-05-29 18:21:00.000,38476.8,38482.8,38471.8,38482.8
2024-05-29 18:22:00.000,38483.3,38497.3,38481.8,38493.3
2024-05-29 18:23:00.000,38492.8,38495.8,38488.8,38493.8
2024-05-29 18:24:00.000,38493.3,38501.8,38492.8,38493.3
2024-05-29 18:25:00.000,38491.8,38497.3,38490.3,38491.8
2024-05-29 18:26:00.000,38491.3,38504.8,38484.8,38503.8
2024-05-29 18:27:00.000,38503.3,38510.3,38502.8,38509.8
2024-05-29 18:28:00.000,38510.3,38512.3,38507.8,38508.8
2024-05-29 18:29:00.000,38509.3,38513.8,38504.8,38511.8
2024-05-29 18:30:00.000,38510.8,38510.8,38505.8,38508.8
2024-05-29 18:31:00.000,38509.3,38515.8,38508.8,38513.8
2024-05-29 18:32:00.000,38514.3,38514.3,38496.8,38496.8
2024-05-29 18:33:00.000,38496.3,38498.3,38490.8,38490.8
2024-05-29 18:34:00.000,38491.3,38492.8,38482.8,38490.8
2024-05-29 18:35:00.000,38490.3,38493.3,38479.8,38483.8
2024-05-29 18:36:00.000,38484.3,38487.3,38474.8,38476.8
2024-05-29 18:37:00.000,38476.3,38483.3,38469.8,38482.8
2024-05-29 18:38:00.000,38483.8,38486.8,38480.3,38481.8
2024-05-29 18:39:00.000,38482.3,38492.3,38481.3,38481.8
2024-05-29 18:40:00.000,38483.3,38487.8,38478.3,38479.3
2024-05-29 18:41:00.000,38478.8,38482.3,38474.8,38481.8
2024-05-29 18:42:00.000,38481.3,38483.3,38464.8,38465.8
2024-05-29 18:43:00.000,38465.3,38475.8,38464.3,38471.8
2024-05-29 18:44:00.000,38472.3,38474.8,38464.3,38465.8
2024-05-29 18:45:00.000,38466.3,38468.8,38462.8,38465.8
2024-05-29 18:46:00.000,38466.3,38479.3,38464.8,38473.8
2024-05-29 18:47:00.000,38473.3,38473.3,38466.3,38468.8
2024-05-29 18:48:00.000,38469.8,38476.3,38466.8,38476.3
2024-05-29 18:49:00.000,38475.8,38480.3,38471.3,38480.3
2024-05-29 18:50:00.000,38479.3,38496.3,38478.8,38490.8
2024-05-29 18:51:00.000,38491.3,38492.3,38485.3,38491.8
2024-05-29 18:52:00.000,38492.3,38517.8,38492.3,38509.8
2024-05-29 18:53:00.000,38509.3,38514.8,38506.3,38507.3
2024-05-29 18:54:00.000,38508.8,38513.8,38507.3,38511.8
2024-05-29 18:55:00.000,38512.3,38513.8,38508.3,38510.3
2024-05-29 18:56:00.000,38510.8,38510.8,38500.8,38501.8
2024-05-29 18:57:00.000,38502.3,38511.8,38501.3,38510.8
2024-05-29 18:58:00.000,38510.3,38518.3,38507.3,38508.8
2024-05-29 18:59:00.000,38509.3,38509.3,38500.3,38502.8
2024-05-29 19:00:00.000,38502.3,38502.8,38490.8,38498.8
2024-05-29 19:01:00.000,38499.3,38507.3,38497.3,38499.8
2024-05-29 19:02:00.000,38499.3,38502.8,38484.3,38492.8
2024-05-29 19:03:00.000,38493.3,38502.3,38490.8,38496.8
2024-05-29 19:04:00.000,38496.3,38501.8,38492.8,38498.8
2024-05-29 19:05:00.000,38498.3,38501.3,38491.8,38492.8
2024-05-29 19:06:00.000,38492.3,38495.3,38484.3,38493.8
2024-05-29 19:07:00.000,38493.3,38496.3,38479.8,38483.3
2024-05-29 19:08:00.000,38483.8,38493.3,38482.8,38491.8
2024-05-29 19:09:00.000,38491.3,38501.8,38490.8,38496.8
2024-05-29 19:10:00.000,38496.3,38498.8,38489.3,38491.8
2024-05-29 19:11:00.000,38491.3,38494.8,38487.3,38491.8
2024-05-29 19:12:00.000,38492.3,38495.8,38484.3,38490.8
2024-05-29 19:13:00.000,38490.3,38491.3,38480.8,38484.8
2024-05-29 19:14:00.000,38484.3,38489.3,38481.3,38486.8
2024-05-29 19:15:00.000,38486.3,38488.8,38477.3,38480.8
2024-05-29 19:16:00.000,38480.3,38482.3,38471.3,38481.8
2024-05-29 19:17:00.000,38482.3,38482.3,38473.3,38478.8
2024-05-29 19:18:00.000,38478.3,38479.8,38468.3,38468.8
2024-05-29 19:19:00.000,38468.3,38476.3,38466.8,38474.8
2024-05-29 19:20:00.000,38474.6,38475.1,38467.6,38469.6
2024-05-29 19:21:00.000,38470.1,38477.6,38469.1,38473.6
2024-05-29 19:22:00.000,38473.1,38477.1,38467.6,38474.6
2024-05-29 19:23:00.000,38474.1,38475.1,38465.1,38468.6
2024-05-29 19:24:00.000,38468.1,38481.6,38468.1,38481.6
2024-05-29 19:25:00.000,38482.1,38492.1,38482.1,38489.6
2024-05-29 19:26:00.000,38489.1,38491.6,38485.6,38487.6
2024-05-29 19:27:00.000,38487.1,38488.6,38471.6,38474.1
2024-05-29 19:28:00.000,38473.6,38476.1,38467.6,38476.1
2024-05-29 19:29:00.000,38475.6,38476.6,38467.6,38467.6
2024-05-29 19:30:00.000,38466.6,38471.1,38463.1,38464.6
2024-05-29 19:31:00.000,38464.1,38467.1,38460.1,38466.6
2024-05-29 19:32:00.000,38467.1,38473.1,38464.6,38465.6
2024-05-29 19:33:00.000,38465.1,38466.6,38446.6,38452.6
2024-05-29 19:34:00.000,38453.1,38465.1,38452.6,38461.6
2024-05-29 19:35:00.000,38461.1,38468.6,38459.6,38462.6
2024-05-29 19:36:00.000,38463.1,38463.6,38447.1,38452.6
2024-05-29 19:37:00.000,38453.1,38454.1,38446.6,38450.6
2024-05-29 19:38:00.000,38451.1,38455.6,38447.6,38448.1
2024-05-29 19:39:00.000,38448.6,38451.6,38442.6,38444.1
2024-05-29 19:40:00.000,38443.6,38454.6,38440.6,38454.6
2024-05-29 19:41:00.000,38455.1,38473.6,38453.6,38473.6
2024-05-29 19:42:00.000,38474.1,38484.6,38467.1,38469.6
2024-05-29 19:43:00.000,38469.1,38471.1,38466.6,38467.6
2024-05-29 19:44:00.000,38467.1,38472.6,38465.1,38468.1
2024-05-29 19:45:00.000,38467.1,38467.1,38438.6,38450.1
2024-05-29 19:46:00.000,38449.6,38455.6,38440.1,38452.6
2024-05-29 19:47:00.000,38452.1,38453.6,38446.1,38450.1
2024-05-29 19:48:00.000,38450.6,38456.1,38448.6,38452.6
2024-05-29 19:49:00.000,38452.1,38456.1,38447.1,38450.6
2024-05-29 19:50:00.000,38450.1,38459.6,38449.6,38454.6
2024-05-29 19:51:00.000,38454.1,38460.1,38451.6,38454.6
2024-05-29 19:52:00.000,38455.1,38458.1,38449.1,38449.6
2024-05-29 19:53:00.000,38450.1,38452.6,38443.6,38452.6
2024-05-29 19:54:00.000,38453.1,38464.1,38453.1,38461.1
2024-05-29 19:55:00.000,38459.6,38469.6,38459.6,38463.6
2024-05-29 19:56:00.000,38464.1,38467.1,38451.6,38452.1
2024-05-29 19:57:00.000,38453.6,38461.6,38448.6,38457.6
2024-05-29 19:58:00.000,38458.1,38460.1,38451.1,38451.6
2024-05-29 19:59:00.000,38451.1,38452.1,38446.1,38450.6
2024-05-29 20:00:00.000,38450.1,38461.1,38450.1,38457.6
2024-05-29 20:01:00.000,38456.1,38461.1,38452.6,38459.1
2024-05-29 20:02:00.000,38458.6,38469.1,38458.6,38468.6
2024-05-29 20:03:00.000,38468.1,38473.6,38465.1,38469.6
2024-05-29 20:04:00.000,38469.1,38472.1,38465.6,38466.6
2024-05-29 20:05:00.000,38466.1,38476.6,38466.1,38471.6
2024-05-29 20:06:00.000,38472.1,38476.1,38469.1,38469.6
2024-05-29 20:07:00.000,38469.1,38471.1,38461.1,38468.1
2024-05-29 20:08:00.000,38468.6,38468.6,38461.6,38463.1
2024-05-29 20:09:00.000,38462.6,38464.1,38454.6,38456.6
2024-05-29 20:10:00.000,38457.1,38465.1,38456.6,38461.1
2024-05-29 20:11:00.000,38460.6,38460.6,38447.6,38452.1
2024-05-29 20:12:00.000,38452.6,38469.1,38452.6,38466.6
2024-05-29 20:13:00.000,38466.1,38478.6,38464.1,38478.6
2024-05-29 20:14:00.000,38478.1,38489.1,38476.6,38484.6
2024-05-29 20:15:00.000,38485.1,38490.1,38478.6,38479.6
2024-05-29 20:16:00.000,38480.1,38486.6,38479.6,38480.6
2024-05-29 20:17:00.000,38480.1,38481.6,38473.6,38475.6
2024-05-29 20:18:00.000,38476.1,38484.1,38476.1,38479.6
2024-05-29 20:19:00.000,38480.1,38482.1,38476.6,38477.6
2024-05-29 20:20:00.000,38478.1,38487.1,38476.1,38480.6
2024-05-29 20:21:00.000,38480.1,38483.1,38474.6,38481.6
2024-05-29 20:22:00.000,38481.1,38491.6,38480.6,38487.6
2024-05-29 20:23:00.000,38488.1,38494.1,38487.1,38490.6
2024-05-29 20:24:00.000,38491.1,38494.6,38487.6,38493.6
2024-05-29 20:25:00.000,38494.1,38502.6,38491.6,38499.6
2024-05-29 20:26:00.000,38499.1,38503.6,38495.1,38501.6
2024-05-29 20:27:00.000,38502.1,38503.1,38494.6,38499.6
2024-05-29 20:28:00.000,38500.1,38521.6,38500.1,38520.6
2024-05-29 20:29:00.000,38521.1,38521.6,38502.1,38507.6
2024-05-29 20:30:00.000,38507.1,38508.6,38500.1,38501.6
2024-05-29 20:31:00.000,38501.1,38502.6,38486.6,38495.6
2024-05-29 20:32:00.000,38495.1,38498.1,38488.1,38496.1
2024-05-29 20:33:00.000,38497.1,38513.1,38494.1,38509.1
2024-05-29 20:34:00.000,38508.6,38516.1,38507.1,38509.6
2024-05-29 20:35:00.000,38509.1,38515.6,38504.6,38515.6
2024-05-29 20:36:00.000,38516.1,38521.1,38513.6,38519.1
2024-05-29 20:37:00.000,38519.6,38528.1,38516.1,38520.6
2024-05-29 20:38:00.000,38521.1,38524.6,38519.1,38522.1
2024-05-29 20:39:00.000,38521.6,38528.1,38519.1,38526.6
2024-05-29 20:40:00.000,38526.5,38526.5,38512.5,38516.5
2024-05-29 20:41:00.000,38516.0,38524.5,38512.0,38515.0
2024-05-29 20:42:00.000,38514.5,38517.5,38508.5,38512.0
2024-05-29 20:43:00.000,38511.5,38515.5,38507.5,38511.5
2024-05-29 20:44:00.000,38511.0,38513.5,38502.5,38508.5
2024-05-29 20:45:00.000,38509.0,38513.0,38506.5,38508.0
2024-05-29 20:46:00.000,38507.5,38513.0,38502.0,38504.5
2024-05-29 20:47:00.000,38504.0,38504.5,38491.5,38495.5
2024-05-29 20:48:00.000,38495.0,38503.0,38493.5,38501.5
2024-05-29 20:49:00.000,38501.0,38502.0,38490.5,38490.5
2024-05-29 20:50:00.000,38490.0,38499.0,38487.5,38490.5
2024-05-29 20:51:00.000,38489.5,38489.5,38465.5,38475.5
2024-05-29 20:52:00.000,38475.0,38478.0,38459.0,38460.5
2024-05-29 20:53:00.000,38460.0,38466.5,38458.5,38458.5
2024-05-29 20:54:00.000,38459.0,38465.5,38457.5,38464.0
2024-05-29 20:55:00.000,38463.5,38466.5,38451.5,38457.5
2024-05-29 20:56:00.000,38457.0,38457.0,38441.0,38445.0
2024-05-29 20:57:00.000,38444.0,38453.0,38444.0,38450.0
2024-05-29 20:58:00.000,38449.5,38459.0,38443.5,38445.0
2024-05-29 20:59:00.000,38445.5,38465.0,38433.5,38465.0
2024-05-29 21:00:00.000,38432.2,38446.7,38425.7,38431.2
2024-05-29 21:01:00.000,38430.7,38430.7,38263.7,38291.7
2024-05-29 21:02:00.000,38292.2,38293.7,38255.7,38270.2
2024-05-29 21:03:00.000,38270.7,38280.7,38254.7,38266.7
2024-05-29 21:04:00.000,38265.7,38272.2,38244.7,38247.2
2024-05-29 21:05:00.000,38247.7,38257.2,38245.2,38252.2
2024-05-29 21:06:00.000,38251.7,38260.7,38249.2,38253.7
2024-05-29 21:07:00.000,38254.7,38254.7,38223.7,38224.7
2024-05-29 21:08:00.000,38224.2,38224.2,38200.7,38200.7
2024-05-29 21:09:00.000,38200.2,38209.7,38198.2,38207.7
2024-05-29 21:10:00.000,38208.2,38211.7,38186.2,38200.7
2024-05-29 21:11:00.000,38200.2,38207.7,38200.2,38203.7
2024-05-29 21:12:00.000,38200.7,38211.7,38200.7,38211.7
2024-05-29 21:13:00.000,38211.2,38215.2,38203.7,38206.7
2024-05-29 21:14:00.000,38207.2,38209.7,38194.7,38198.7
2024-05-29 21:15:00.000,38198.2,38204.2,38193.7,38196.7
2024-05-29 21:16:00.000,38197.2,38201.7,38192.7,38198.7
2024-05-29 21:17:00.000,38199.2,38200.7,38191.7,38191.7
2024-05-29 21:18:00.000,38192.2,38194.2,38189.2,38192.7
2024-05-29 21:19:00.000,38194.2,38197.7,38193.7,38196.7
2024-05-29 21:20:00.000,38197.2,38198.2,38195.2,38196.7
2024-05-29 21:21:00.000,38196.2,38196.2,38179.7,38185.7
2024-05-29 21:22:00.000,38185.2,38185.2,38169.2,38172.2
2024-05-29 21:23:00.000,38172.7,38179.2,38167.7,38175.2
2024-05-29 21:24:00.000,38175.7,38175.7,38167.2,38173.2
2024-05-29 21:25:00.000,38172.7,38174.7,38154.2,38154.7
2024-05-29 21:26:00.000,38155.7,38161.2,38151.2,38155.2
2024-05-29 21:27:00.000,38156.2,38156.2,38143.7,38146.7
2024-05-29 21:28:00.000,38146.2,38146.7,38136.2,38136.7
2024-05-29 21:29:00.000,38137.2,38138.7,38124.7,38134.7
2024-05-29 21:30:00.000,38135.2,NULL,NULL,NULL
